{
    "foreground_intensity_properties_per_channel": {
        "0": {
            "max": 1.0,
            "mean": 0.2606104910373688,
            "median": 0.24769647419452667,
            "min": 0.0,
            "percentile_00_5": 0.06384892016649246,
            "percentile_99_5": 0.6531020402908325,
            "std": 0.0987810268998146
        }
    },
    "median_relative_size_after_cropping": 0.588232421875,
    "shapes_after_crop": [
        [
            36,
            240,
            170
        ],
        [
            30,
            273,
            204
        ],
        [
            26,
            230,
            159
        ],
        [
            30,
            315,
            193
        ],
        [
            26,
            267,
            214
        ],
        [
            31,
            219,
            155
        ],
        [
            33,
            230,
            174
        ],
        [
            30,
            282,
            205
        ],
        [
            39,
            248,
            194
        ],
        [
            29,
            256,
            232
        ],
        [
            30,
            220,
            155
        ],
        [
            38,
            231,
            232
        ],
        [
            32,
            255,
            176
        ],
        [
            34,
            305,
            179
        ],
        [
            30,
            217,
            176
        ],
        [
            32,
            283,
            220
        ]
    ],
    "spacings": [
        [
            1.0,
            1.0,
            1.0
        ],
        [
            1.0,
            1.0,
            1.0
        ],
        [
            1.0,
            1.0,
            1.0
        ],
        [
            1.0,
            1.0,
            1.0
        ],
        [
            1.0,
            1.0,
            1.0
        ],
        [
            1.0,
            1.0,
            1.0
        ],
        [
            1.0,
            1.0,
            1.0
        ],
        [
            1.0,
            1.0,
            1.0
        ],
        [
            1.0,
            1.0,
            1.0
        ],
        [
            1.0,
            1.0,
            1.0
        ],
        [
            1.0,
            1.0,
            1.0
        ],
        [
            1.0,
            1.0,
            1.0
        ],
        [
            1.0,
            1.0,
            1.0
        ],
        [
            1.0,
            1.0,
            1.0
        ],
        [
            1.0,
            1.0,
            1.0
        ],
        [
            1.0,
            1.0,
            1.0
        ]
    ]
}